"","Wk","Date","Home","Away","Result","aveHomeGoals","aveAgainstHomeGoals","aveAwayGoals","aveAgainstAwayGoals","aveHomePoints","aveAwayPoints","HomeAveMin","HomeAveGls","HomeAveAst","HomeAveSh","HomeAveSoT","HomeAveFls","HomeAveFld","HomeAveCrs","HomeAveTkl","HomeAveInt","HomeAveCrdY","HomeAveCrdR","HomeAveGA","HomeAveSaves","HomeAveSave.","AwayAveMin","AwayAveGls","AwayAveAst","AwayAveSh","AwayAveSoT","AwayAveFls","AwayAveFld","AwayAveCrs","AwayAveTkl","AwayAveInt","AwayAveCrdY","AwayAveCrdR","AwayAveGA","AwayAveSaves","AwayAveSave."
"1",1,2019-08-09,"Liverpool","Norwich City","H",0,0,0,0,0,0,0,0,0,0,0,0,0,0,0,0,0,0,0,0,0,0,0,0,0,0,0,0,0,0,0,0,0,0,0,0
"2",1,2019-08-10,"West Ham United","Manchester City","A",0,0,0,0,0,0,0,0,0,0,0,0,0,0,0,0,0,0,0,0,0,0,0,0,0,0,0,0,0,0,0,0,0,0,0,0
"3",1,2019-08-10,"Burnley","Southampton","H",0,0,0,0,0,0,0,0,0,0,0,0,0,0,0,0,0,0,0,0,0,0,0,0,0,0,0,0,0,0,0,0,0,0,0,0
"4",1,2019-08-10,"Bournemouth","Sheffield United","D",0,0,0,0,0,0,0,0,0,0,0,0,0,0,0,0,0,0,0,0,0,0,0,0,0,0,0,0,0,0,0,0,0,0,0,0
"5",1,2019-08-10,"Watford","Brighton and Hove Albion","A",0,0,0,0,0,0,0,0,0,0,0,0,0,0,0,0,0,0,0,0,0,0,0,0,0,0,0,0,0,0,0,0,0,0,0,0
"6",1,2019-08-10,"Crystal Palace","Everton","D",0,0,0,0,0,0,0,0,0,0,0,0,0,0,0,0,0,0,0,0,0,0,0,0,0,0,0,0,0,0,0,0,0,0,0,0
"7",1,2019-08-10,"Tottenham Hotspur","Aston Villa","H",0,0,0,0,0,0,0,0,0,0,0,0,0,0,0,0,0,0,0,0,0,0,0,0,0,0,0,0,0,0,0,0,0,0,0,0
"8",1,2019-08-11,"Leicester City","Wolverhampton Wanderer","D",0,0,0,0,0,0,0,0,0,0,0,0,0,0,0,0,0,0,0,0,0,0,0,0,0,0,0,0,0,0,0,0,0,0,0,0
"9",1,2019-08-11,"Newcastle United","Arsenal","A",0,0,0,0,0,0,0,0,0,0,0,0,0,0,0,0,0,0,0,0,0,0,0,0,0,0,0,0,0,0,0,0,0,0,0,0
"10",1,2019-08-11,"Manchester United","Chelsea","H",0,0,0,0,0,0,0,0,0,0,0,0,0,0,0,0,0,0,0,0,0,0,0,0,0,0,0,0,0,0,0,0,0,0,0,0
"11",2,2019-08-17,"Arsenal","Burnley","H",0.2,0,0.6,0.6,0.6,0.6,70.7142857142857,0.0714285714285714,0.0714285714285714,0.571428571428571,0.142857142857143,0.5,0.785714285714286,0.714285714285714,0.428571428571429,0.428571428571429,0.214285714285714,0,0,0.142857142857143,7.14285714285714,76.1538461538462,0.230769230769231,0.153846153846154,0.769230769230769,0.307692307692308,0.461538461538462,0.846153846153846,1.07692307692308,0.769230769230769,1,0,0,0,0.230769230769231,7.69230769230769
"12",2,2019-08-17,"Norwich City","Newcastle United","H",0.2,0.8,0,0,0,0,70.7142857142857,0.0714285714285714,0.0714285714285714,0.857142857142857,0.357142857142857,0.642857142857143,0.642857142857143,0.142857142857143,0.571428571428571,0.714285714285714,0.142857142857143,0,0.285714285714286,0.285714285714286,3.57142857142857,76.1538461538462,0,0,0.692307692307692,0.153846153846154,0.923076923076923,0.538461538461538,1.15384615384615,1.38461538461538,1.30769230769231,0.0769230769230769,0,0.0769230769230769,0.0769230769230769,3.84615384615385
"13",2,2019-08-17,"Brighton and Hove Albion","West Ham United","D",0.6,0,0,0,0.6,0,0,0,0,0,0,0,0,0,0,0,0,0,0,0,0,70.7142857142857,0,0,0.357142857142857,0.214285714285714,0.428571428571429,0.928571428571429,0.857142857142857,0.714285714285714,0.571428571428571,0.142857142857143,0,0.357142857142857,0.285714285714286,3.17142857142857
"14",2,2019-08-17,"Everton","Watford","H",0,0,0,0,0.2,0,69.6428571428571,0,0,0.714285714285714,0.214285714285714,1,1.14285714285714,1.21428571428571,0.5,1,0.214285714285714,0.0714285714285714,0,0.142857142857143,7.14285714285714,76.1538461538462,0,0,0.846153846153846,0.230769230769231,1.15384615384615,0.846153846153846,1.07692307692308,0.307692307692308,0.923076923076923,0,0,0.230769230769231,0.0769230769230769,1.92307692307692
"15",2,2019-08-17,"Southampton","Liverpool","A",0,0.6,0.8,0.8,0,0.6,70.7142857142857,0,0,0.785714285714286,0.214285714285714,0.857142857142857,0.428571428571429,0.714285714285714,0.428571428571429,0.571428571428571,0,0,0.214285714285714,0.0714285714285714,1.78571428571429,70.7142857142857,0.214285714285714,0.214285714285714,1.07142857142857,0.5,0.642857142857143,0.642857142857143,2.28571428571429,0.928571428571429,1,0,0,0.0714285714285714,0.285714285714286,11.9071428571429
"16",2,2019-08-17,"Aston Villa","Bournemouth","A",0.2,0.6,0.2,0.2,0,0.2,70.7142857142857,0.0714285714285714,0.0714285714285714,0.5,0.285714285714286,0.642857142857143,0.928571428571429,0.5,0.928571428571429,0.857142857142857,0,0,0.214285714285714,0.214285714285714,3.57142857142857,82.5,0.0833333333333333,0,1.08333333333333,0.25,0.833333333333333,1.41666666666667,1.16666666666667,1.08333333333333,1,0.166666666666667,0,0.0833333333333333,0.166666666666667,5.55833333333333
"17",2,2019-08-17,"Manchester City","Tottenham Hotspur","D",1,0,0.6,0.6,0.6,0.6,70.7142857142857,0.357142857142857,0.285714285714286,1,0.642857142857143,0.928571428571429,0.428571428571429,0.428571428571429,1.07142857142857,0.857142857142857,0.142857142857143,0,0,0.214285714285714,7.14285714285714,70.7142857142857,0.214285714285714,0.142857142857143,2.21428571428571,0.5,0.928571428571429,0.642857142857143,2.78571428571429,0.785714285714286,0.285714285714286,0.0714285714285714,0,0.0714285714285714,0.214285714285714,5.35714285714286
"18",2,2019-08-18,"Sheffield United","Crystal Palace","H",0.2,0.2,0,0,0.2,0.2,70.7142857142857,0.0714285714285714,0,0.571428571428571,0.214285714285714,1.35714285714286,0.642857142857143,1.28571428571429,0.785714285714286,1.07142857142857,0.0714285714285714,0,0.0714285714285714,0.142857142857143,4.76428571428571,76.1538461538462,0,0,0.461538461538462,0.153846153846154,1.23076923076923,0.923076923076923,1.07692307692308,1.07692307692308,0.923076923076923,0.153846153846154,0,0,0.153846153846154,7.69230769230769
"19",2,2019-08-18,"Chelsea","Leicester City","D",0,0.8,0,0,0,0.2,70.7142857142857,0,0,1.28571428571429,0.5,0.928571428571429,1.07142857142857,1.35714285714286,0.571428571428571,1,0.285714285714286,0,0.285714285714286,0.0714285714285714,1.42857142857143,76.1538461538462,0,0,1.15384615384615,0.0769230769230769,0.230769230769231,0.846153846153846,2.23076923076923,1.07692307692308,0.615384615384615,0,0,0,0.153846153846154,7.69230769230769
"20",2,2019-08-19,"Wolverhampton Wanderer","Manchester United","D",0,0,0.8,0.8,0.2,0.6,0,0,0,0,0,0,0,0,0,0,0,0,0,0,0,70.7142857142857,0.285714285714286,0.214285714285714,0.785714285714286,0.357142857142857,1.07142857142857,0.857142857142857,1,0.714285714285714,0.785714285714286,0.214285714285714,0,0,0.5,7.14285714285714
"21",3,2019-08-23,"Aston Villa","Everton","H",0.4,1,0.2,0.2,0,0.8,69.3666666666667,0.0666666666666667,0.0666666666666667,0.966666666666667,0.366666666666667,0.633333333333333,0.9,1.4,0.7,0.766666666666667,0,0,0.166666666666667,0.166666666666667,3.33333333333333,65.46875,0.03125,0.03125,0.6875,0.15625,0.9375,0.90625,0.90625,0.78125,0.8125,0.21875,0.0625,0,0.125,6.25
"22",3,2019-08-24,"Norwich City","Chelsea","A",0.8,1,0.2,0.2,0.6,0.2,61.9411764705882,0.117647058823529,0.0882352941176471,0.852941176470588,0.382352941176471,0.558823529411765,0.617647058823529,0.5,0.558823529411765,0.5,0.0882352941176471,0,0.147058823529412,0.176470588235294,3.43235294117647,68.5666666666667,0.0333333333333333,0,1.16666666666667,0.433333333333333,0.733333333333333,1,1.36666666666667,0.8,0.9,0.166666666666667,0,0.166666666666667,0.1,2.89
"23",3,2019-08-24,"Sheffield United","Leicester City","A",0.4,0.2,0.2,0.2,0.8,0.4,66.3,0.1,0,0.8,0.233333333333333,1.2,0.633333333333333,1.3,0.766666666666667,1,0.133333333333333,0,0.0333333333333333,0.2,5.55666666666667,73.5333333333333,0.0333333333333333,0.0333333333333333,1,0.166666666666667,0.633333333333333,0.666666666666667,1.63333333333333,1.2,0.766666666666667,0,0,0.0333333333333333,0.2,6
"24",3,2019-08-24,"Brighton and Hove Albion","Southampton","A",0.8,0.2,0.2,0.2,0.8,0,0,0,0,0,0,0,0,0,0,0,0,0,0,0,0,65.2647058823529,0.0294117647058824,0,0.794117647058823,0.205882352941176,0.705882352941177,0.352941176470588,0.852941176470588,0.470588235294118,0.529411764705882,0.0882352941176471,0,0.147058823529412,0.147058823529412,2.69705882352941
"25",3,2019-08-24,"Watford","West Ham United","A",0,0.8,0.2,0.2,0,0.2,67.6333333333333,0,0,0.633333333333333,0.166666666666667,0.866666666666667,0.733333333333333,1.16666666666667,0.8,0.7,0.1,0,0.133333333333333,0.0666666666666667,2.5,69.8888888888889,0.0277777777777778,0.0277777777777778,0.388888888888889,0.194444444444444,0.611111111111111,0.805555555555556,0.916666666666667,0.916666666666667,0.722222222222222,0.194444444444444,0,0.166666666666667,0.194444444444444,3.31666666666667
"26",3,2019-08-24,"Manchester United","Crystal Palace","A",1,0.2,0,0,0.8,0.2,70.7142857142857,0.178571428571429,0.142857142857143,0.714285714285714,0.25,0.821428571428571,1.03571428571429,1.10714285714286,0.928571428571429,0.642857142857143,0.178571428571429,0,0.0357142857142857,0.285714285714286,5.35714285714286,69.6666666666667,0,0,0.466666666666667,0.266666666666667,0.966666666666667,1.2,0.866666666666667,1.1,0.933333333333333,0.133333333333333,0,0.0333333333333333,0.133333333333333,5.55666666666667
"27",3,2019-08-24,"Liverpool","Arsenal","H",1.2,0.4,0.6,0.6,1.2,1.2,71.5,0.15625,0.15625,1.03125,0.40625,0.53125,0.625,1.8125,0.5625,0.84375,0.03125,0,0.0625,0.28125,10.678125,67.6944444444444,0.111111111111111,0.0833333333333333,0.861111111111111,0.388888888888889,0.694444444444444,0.75,0.861111111111111,0.416666666666667,0.5,0.222222222222222,0,0.0277777777777778,0.138888888888889,4.86111111111111
"28",3,2019-08-25,"Bournemouth","Manchester City","A",0.6,0.4,1.4,1.4,0.8,0.8,79.0333333333333,0.166666666666667,0,1.1,0.333333333333333,0.833333333333333,1.03333333333333,1.26666666666667,0.933333333333333,0.933333333333333,0.133333333333333,0,0.0666666666666667,0.266666666666667,5.08,70.3125,0.21875,0.1875,1.59375,0.65625,1.0625,0.34375,1.21875,0.78125,0.8125,0.09375,0,0.0625,0.09375,3.125
"29",3,2019-08-25,"Tottenham Hotspur","Newcastle United","A",1,0.6,0.2,0.2,0.8,0,66.2333333333333,0.166666666666667,0.133333333333333,1.16666666666667,0.3,0.566666666666667,0.766666666666667,1.46666666666667,0.7,0.366666666666667,0.0333333333333333,0,0.1,0.366666666666667,5.16666666666667,72.375,0.03125,0.03125,0.65625,0.1875,0.84375,0.59375,1.375,0.96875,0.9375,0.125,0,0.125,0.1875,3.515625
"30",3,2019-08-25,"Wolverhampton Wanderer","Burnley","D",0.2,0.2,0.8,0.8,0.4,0.6,0,0,0,0,0,0,0,0,0,0,0,0,0,0,0,76.1538461538462,0.153846153846154,0.0769230769230769,1.07692307692308,0.346153846153846,0.653846153846154,0.846153846153846,1.69230769230769,0.846153846153846,0.730769230769231,0.0384615384615385,0,0.0769230769230769,0.384615384615385,6.83846153846154
"31",4,2019-08-31,"Southampton","Manchester United","D",0.6,1,1.2,1.2,0.6,0.8,67.7777777777778,0.0648148148148148,0.0462962962962963,0.796296296296296,0.240740740740741,0.694444444444444,0.398148148148148,0.722222222222222,0.592592592592593,0.398148148148148,0.111111111111111,0,0.0925925925925926,0.148148148148148,3.55,69.3222222222222,0.133333333333333,0.122222222222222,1.02222222222222,0.222222222222222,0.755555555555556,1.14444444444444,1.68888888888889,0.666666666666667,0.555555555555556,0.155555555555556,0,0.0666666666666667,0.2,4.07333333333333
"32",4,2019-08-31,"Manchester City","Brighton and Hove Albion","H",2,0.6,0.8,0.8,1.4,0.8,66.3921568627451,0.205882352941176,0.176470588235294,1.42156862745098,0.509803921568627,0.901960784313726,0.362745098039216,0.970588235294118,0.794117647058823,0.617647058823529,0.127450980392157,0,0.0588235294117647,0.176470588235294,3.64117647058824,0,0,0,0,0,0,0,0,0,0,0,0,0,0,0
"33",4,2019-08-31,"West Ham United","Norwich City","H",0.8,1.4,1.2,1.2,0.8,0.6,71.1666666666667,0.131578947368421,0.043859649122807,0.684210526315789,0.403508771929825,0.666666666666667,0.868421052631579,0.964912280701754,0.807017543859649,0.728070175438597,0.149122807017544,0,0.12280701754386,0.157894736842105,3.26491228070175,57.5,0.111111111111111,0.0925925925925926,0.657407407407407,0.333333333333333,0.509259259259259,0.518518518518518,0.444444444444444,0.527777777777778,0.537037037037037,0.0740740740740741,0,0.148148148148148,0.203703703703704,3.31851851851852
"34",4,2019-08-31,"Leicester City","Bournemouth","H",0.6,0.4,0.8,0.8,1,0.8,67.3725490196078,0.0784313725490196,0.0588235294117647,0.852941176470588,0.147058823529412,0.53921568627451,0.627450980392157,1.34313725490196,0.833333333333333,0.774509803921569,0,0,0.0392156862745098,0.156862745098039,4.83725490196078,72.9583333333333,0.114583333333333,0,0.864583333333333,0.333333333333333,0.65625,0.9375,1.19791666666667,0.822916666666667,0.927083333333333,0.104166666666667,0,0.104166666666667,0.208333333333333,4.00833333333333
"35",4,2019-08-31,"Newcastle United","Watford","D",0.4,0.8,0.2,0.2,0.6,0,69.0092592592593,0.0462962962962963,0.0740740740740741,0.546296296296296,0.166666666666667,0.648148148148148,0.574074074074074,1.05555555555556,0.842592592592593,0.787037037037037,0.111111111111111,0,0.0740740740740741,0.148148148148148,3.93518518518519,64.0294117647059,0.0196078431372549,0.0196078431372549,0.970588235294118,0.176470588235294,0.823529411764706,0.813725490196078,1.30392156862745,0.725490196078431,0.598039215686274,0.0882352941176471,0,0.137254901960784,0.176470588235294,2.84313725490196
"36",4,2019-08-31,"Chelsea","Sheffield United","D",0.8,1.4,0.6,0.6,0.8,0.8,66.6666666666667,0.0833333333333333,0.0625,1.30208333333333,0.458333333333333,0.708333333333333,0.84375,1.29166666666667,0.895833333333333,0.875,0.135416666666667,0,0.145833333333333,0.125,3.05625,64.1145833333333,0.0729166666666667,0.0208333333333333,0.708333333333333,0.197916666666667,1.03125,0.520833333333333,1.53125,0.739583333333333,0.90625,0.114583333333333,0,0.0625,0.125,3.47291666666667
"37",4,2019-08-31,"Crystal Palace","Aston Villa","H",0.4,0.4,0.8,0.8,0.8,0.6,71.1176470588235,0.0490196078431373,0.0294117647058824,0.441176470588235,0.215686274509804,1.04901960784314,0.823529411764706,0.705882352941176,1.07843137254902,0.931372549019608,0.196078431372549,0,0.0392156862745098,0.117647058823529,4.57647058823529,69.8333333333333,0.0833333333333333,0.0833333333333333,0.791666666666667,0.291666666666667,0.645833333333333,1.02083333333333,1.125,0.625,0.958333333333333,0.0833333333333333,0,0.104166666666667,0.125,4.16666666666667
"38",4,2019-08-31,"Burnley","Liverpool","A",1,0.6,1.8,1.8,0.8,1.8,70.9047619047619,0.119047619047619,0.0714285714285714,0.976190476190476,0.30952380952381,0.666666666666667,0.738095238095238,1.47619047619048,0.714285714285714,0.738095238095238,0.0714285714285714,0,0.0714285714285714,0.285714285714286,5.82142857142857,67.0490196078431,0.176470588235294,0.137254901960784,1.12745098039216,0.372549019607843,0.529411764705882,0.470588235294118,1.68627450980392,0.764705882352941,0.715686274509804,0.0392156862745098,0,0.0588235294117647,0.254901960784314,9.96862745098039
"39",4,2019-09-01,"Everton","Wolverhampton Wanderer","H",0.2,0.4,0.4,0.4,0.8,0.6,63.5,0.0196078431372549,0.0196078431372549,0.764705882352941,0.156862745098039,0.941176470588235,0.852941176470588,1.09803921568627,0.784313725490196,0.647058823529412,0.176470588235294,0.0294117647058824,0.0392156862745098,0.0980392156862745,4.57450980392157,0,0,0,0,0,0,0,0,0,0,0,0,0,0,0
"40",4,2019-09-01,"Arsenal","Tottenham Hotspur","D",0.8,0.8,1,1,1.2,0.8,65.5555555555556,0.0925925925925926,0.0555555555555556,0.712962962962963,0.305555555555556,0.592592592592593,0.62962962962963,0.842592592592593,0.388888888888889,0.472222222222222,0.157407407407407,0,0.0740740740740741,0.12962962962963,3.98148148148148,64.0098039215686,0.107843137254902,0.0882352941176471,1.34313725490196,0.303921568627451,0.588235294117647,0.588235294117647,1.80392156862745,0.558823529411765,0.362745098039216,0.0588235294117647,0,0.0784313725490196,0.254901960784314,4.34705882352941
"41",5,2019-09-14,"Liverpool","Newcastle United","H",2.4,0.6,0.6,0.6,2.4,0.8,63.4351851851852,0.148148148148148,0.12962962962963,1.06018518518519,0.365740740740741,0.643518518518518,0.481481481481481,1.43518518518519,0.643518518518518,0.625,0.0277777777777778,0,0.0416666666666667,0.236111111111111,9.83888888888889,68.7361111111111,0.0555555555555556,0.0555555555555556,0.662037037037037,0.226851851851852,0.555555555555556,0.662037037037037,1.40277777777778,0.736111111111111,0.763888888888889,0.115740740740741,0,0.0694444444444444,0.152777777777778,3.99305555555556
"42",5,2019-09-14,"Brighton and Hove Albion","Burnley","D",0.8,1.4,1,1,0.8,0.8,0,0,0,0,0,0,0,0,0,0,0,0,0,0,0,72.2857142857143,0.0952380952380952,0.0535714285714286,0.875,0.273809523809524,0.68452380952381,0.827380952380952,1.42857142857143,0.732142857142857,0.791666666666667,0.0535714285714286,0,0.107142857142857,0.303571428571429,5.48214285714286
"43",5,2019-09-14,"Sheffield United","Southampton","A",1,1,0.8,0.8,1,0.8,58.5138888888889,0.0694444444444444,0.0277777777777778,0.611111111111111,0.166666666666667,0.875,0.472222222222222,1.23611111111111,0.680555555555556,0.916666666666667,0.0972222222222222,0,0.0694444444444444,0.125,3.14861111111111,66.0625,0.0666666666666667,0.0541666666666667,0.7,0.191666666666667,0.883333333333333,0.3875,1.0625,0.675,0.620833333333333,0.154166666666667,0.025,0.075,0.1875,3.49
"44",5,2019-09-14,"Wolverhampton Wanderer","Chelsea","A",0.8,1,1.2,1.2,0.6,1,0,0,0,0,0,0,0,0,0,0,0,0,0,0,0,62.7236842105263,0.0789473684210526,0.0394736842105263,1.03947368421053,0.368421052631579,0.609649122807018,0.798245614035088,1.03947368421053,0.68859649122807,0.767543859649123,0.0921052631578947,0,0.118421052631579,0.105263157894737,2.58815789473684
"45",5,2019-09-14,"Manchester United","Leicester City","H",1.4,0.8,1.2,1.2,1,1.6,68.453125,0.119791666666667,0.104166666666667,1.17708333333333,0.302083333333333,0.666666666666667,1.11458333333333,1.52604166666667,0.65625,0.572916666666667,0.161458333333333,0,0.0625,0.15625,3.6453125,64.4259259259259,0.0925925925925926,0.0972222222222222,0.824074074074074,0.175925925925926,0.546296296296296,0.638888888888889,1.13888888888889,0.810185185185185,0.75,0.0185185185185185,0,0.0416666666666667,0.125,4.12083333333333
"46",5,2019-09-14,"Tottenham Hotspur","Crystal Palace","H",1.4,1.2,0.6,0.6,1,1.4,63.7850877192982,0.109649122807018,0.0701754385964912,1.10087719298246,0.337719298245614,0.675438596491228,0.649122807017544,1.40789473684211,0.508771929824561,0.381578947368421,0.105263157894737,0,0.0789473684210526,0.25,3.90394736842105,67.5185185185185,0.0509259259259259,0.0185185185185185,0.75,0.24537037037037,1.01388888888889,0.824074074074074,0.990740740740741,0.944444444444444,0.773148148148148,0.180555555555556,0,0.0277777777777778,0.111111111111111,4.63055555555556
"47",5,2019-09-14,"Norwich City","Manchester City","H",1.2,2,2.8,2.8,0.6,2,56.1,0.075,0.0625,0.583333333333333,0.266666666666667,0.5125,0.545833333333333,0.4875,0.495833333333333,0.483333333333333,0.0625,0,0.125,0.2,3.1325,64.7083333333333,0.212962962962963,0.180555555555556,1.23148148148148,0.458333333333333,0.837962962962963,0.393518518518518,0.884259259259259,0.699074074074074,0.634259259259259,0.101851851851852,0,0.0416666666666667,0.138888888888889,3.96805555555556
"48",5,2019-09-15,"Bournemouth","Everton","H",1,1.6,0.8,0.8,0.8,1.4,72.1145833333333,0.09375,0.015625,0.770833333333333,0.270833333333333,0.661458333333333,0.828125,1.296875,0.838541666666667,1.16145833333333,0.125,0,0.125,0.1875,3.63125,65.875,0.0694444444444444,0.0555555555555556,0.75,0.194444444444444,0.972222222222222,0.875,1.16666666666667,0.930555555555556,0.75,0.194444444444444,0.0277777777777778,0.0555555555555556,0.111111111111111,4.07361111111111
"49",5,2019-09-15,"Watford","Arsenal","D",0.4,1.6,1.2,1.2,0.2,1.4,64.8125,0.025,0.0125,0.916666666666667,0.183333333333333,0.820833333333333,0.666666666666667,1.20833333333333,0.683333333333333,0.708333333333333,0.104166666666667,0,0.1,0.1625,2.8125,68.6157407407407,0.0972222222222222,0.0694444444444444,0.958333333333333,0.356481481481482,0.708333333333333,0.75462962962963,1.07407407407407,0.5,0.523148148148148,0.166666666666667,0,0.0833333333333333,0.194444444444444,4.06666666666667
"50",5,2019-09-16,"Aston Villa","West Ham United","D",0.8,1.2,1.2,1.2,0.6,1.4,65.0245098039216,0.0637254901960784,0.0588235294117647,0.754901960784314,0.25,0.784313725490196,0.941176470588235,1.17647058823529,0.647058823529412,0.901960784313726,0.147058823529412,0.0147058823529412,0.0882352941176471,0.147058823529412,4.11764705882353,70.6666666666667,0.12280701754386,0.0482456140350877,0.798245614035088,0.425438596491228,0.780701754385965,0.828947368421053,0.925438596491228,0.925438596491228,0.662280701754386,0.149122807017544,0,0.0921052631578947,0.157894736842105,3.76447368421053
"51",6,2019-09-20,"Southampton","Bournemouth","A",1,1.2,1.6,1.6,1.4,1.4,67.3091666666667,0.07,0.06,0.718333333333333,0.241666666666667,0.794166666666667,0.448333333333333,1.02666666666667,0.661666666666667,0.621666666666667,0.135833333333333,0.025,0.06,0.19,3.792,71.5833333333333,0.0972222222222222,0.05,0.677777777777778,0.261111111111111,0.575,0.813888888888889,1.075,0.841666666666667,1.08333333333333,0.0916666666666667,0,0.1,0.177777777777778,3.47111111111111
"52",6,2019-09-21,"Leicester City","Tottenham Hotspur","H",1.2,0.8,2.2,2.2,1.6,1.6,64.662037037037,0.0722222222222222,0.0740740740740741,0.785185185185185,0.176851851851852,0.64537037037037,0.719444444444444,1.26666666666667,0.899074074074074,0.730555555555556,0.0481481481481481,0,0.0444444444444444,0.144444444444444,4.18555555555556,63.7541666666667,0.1225,0.119166666666667,1.00583333333333,0.310833333333333,0.778333333333333,0.7075,1.38583333333333,0.520833333333333,0.5375,0.1375,0,0.06,0.25,3.967
"53",6,2019-09-21,"Burnley","Norwich City","H",1.2,1.4,1.8,1.8,1,1.2,69.3666666666667,0.108888888888889,0.106666666666667,0.78,0.242222222222222,0.608888888888889,0.795555555555556,1.38666666666667,0.733333333333333,0.755555555555556,0.0666666666666667,0,0.0933333333333333,0.28,5.16,61.955,0.0925,0.08,0.585,0.249166666666667,0.543333333333333,0.570833333333333,0.4725,0.619166666666667,0.725,0.105,0,0.12,0.22,3.256
"54",6,2019-09-21,"Everton","Sheffield United","A",1,1.4,1,1,1.4,1,65.8916666666667,0.062962962962963,0.0555555555555556,0.769444444444444,0.218518518518519,0.985185185185185,0.815740740740741,1.18333333333333,0.950925925925926,0.685185185185185,0.205555555555556,0.0185185185185185,0.0777777777777778,0.122222222222222,3.81444444444444,58.9481481481481,0.0518518518518519,0.0222222222222222,0.757407407407407,0.181481481481481,0.837037037037037,0.469444444444444,1.43703703703704,0.692592592592593,0.85462962962963,0.0953703703703704,0.0185185185185185,0.0666666666666667,0.166666666666667,3.47111111111111
"55",6,2019-09-21,"Manchester City","Watford","H",3.2,1.2,0.8,0.8,2,0.4,64.2638888888889,0.187962962962963,0.176851851851852,1.26666666666667,0.461111111111111,0.749074074074074,0.434259259259259,1.24722222222222,0.630555555555556,0.624074074074074,0.0972222222222222,0,0.0666666666666667,0.111111111111111,3.17444444444444,63.2,0.045,0.02,1.1175,0.2725,0.825,0.5825,1.2125,0.65,0.64,0.1175,0,0.1,0.15,2.75
"56",6,2019-09-21,"Newcastle United","Brighton and Hove Albion","D",0.8,1.6,1,1,0.8,1,68.9888888888889,0.0592592592592593,0.062037037037037,0.650925925925926,0.207407407407407,0.523148148148148,0.600925925925926,1.2287037037037,0.741666666666667,0.765740740740741,0.0990740740740741,0,0.0888888888888889,0.177777777777778,3.88888888888889,0,0,0,0,0,0,0,0,0,0,0,0,0,0,0
"57",6,2019-09-22,"Crystal Palace","Wolverhampton Wanderer","D",0.6,1.2,1.2,1.2,1.4,0.6,66.7271929824561,0.0368421052631579,0.0131578947368421,0.696491228070175,0.258771929824561,0.92719298245614,0.839473684210526,0.866666666666667,0.856140350877193,0.897368421052632,0.165789473684211,0,0.0631578947368421,0.105263157894737,3.86,0,0,0,0,0,0,0,0,0,0,0,0,0,0,0
"58",6,2019-09-22,"West Ham United","Manchester United","H",1.2,1.4,1.6,1.6,1.6,1.6,65.7116666666667,0.0916666666666667,0.035,0.781666666666667,0.354166666666667,0.705833333333333,0.848333333333333,1.04,0.84,0.583333333333333,0.140833333333333,0.0125,0.07,0.17,3.861,62.7026315789474,0.0982456140350877,0.0780701754385965,0.923684210526316,0.276315789473684,0.683333333333333,0.935087719298246,1.13859649122807,0.642982456140351,0.525438596491228,0.121929824561404,0,0.0421052631578947,0.136842105263158,3.50842105263158
"59",6,2019-09-22,"Chelsea","Liverpool","A",2.2,2.2,3,3,1.6,3,64.2866666666667,0.125,0.0925,1.11916666666667,0.386666666666667,0.661666666666667,0.779166666666667,1.015,0.83,0.9275,0.0975,0,0.11,0.11,2.567,64.0083333333333,0.15,0.125,1.075,0.391666666666667,0.611111111111111,0.433333333333333,1.59444444444444,0.669444444444444,0.605555555555556,0.0222222222222222,0,0.0444444444444444,0.211111111111111,8.98222222222222
"60",6,2019-09-22,"Arsenal","Aston Villa","H",1.6,1.6,0.8,0.8,1.6,0.8,68.0991228070175,0.100877192982456,0.0807017543859649,0.835964912280702,0.333333333333333,0.601754385964912,0.763157894736842,0.910526315789474,0.494736842105263,0.505263157894737,0.164912280701754,0,0.0842105263157895,0.231578947368421,3.92421052631579,65.1712962962963,0.0472222222222222,0.0444444444444444,0.703703703703704,0.260185185185185,0.816666666666667,0.906481481481482,1.10555555555556,0.678703703703704,0.90462962962963,0.134259259259259,0.0138888888888889,0.0666666666666667,0.122222222222222,4.22222222222222
"61",7,2019-09-28,"Sheffield United","Liverpool","A",1.2,1,2.6,2.6,1.4,3,60.4546296296296,0.0648148148148148,0.0277777777777778,0.675925925925926,0.180555555555556,0.846296296296296,0.489814814814815,1.34166666666667,0.686111111111111,0.842592592592593,0.106481481481481,0.0185185185185185,0.0555555555555556,0.166666666666667,3.81851851851852,62.0583333333333,0.14537037037037,0.122222222222222,0.967592592592593,0.357407407407407,0.6,0.433333333333333,1.44259259259259,0.613888888888889,0.611111111111111,0.0481481481481481,0,0.0462962962962963,0.203703703703704,8.87407407407407
"62",7,2019-09-28,"Crystal Palace","Norwich City","H",0.8,1.4,1.6,1.6,1.4,1.2,67.4578947368421,0.0298245614035088,0.0105263157894737,0.713157894736842,0.256140350877193,0.846491228070175,0.794736842105263,0.828947368421053,0.823684210526316,0.900877192982456,0.158771929824561,0,0.0614035087719298,0.114035087719298,3.87456140350877,59.9777777777778,0.073015873015873,0.0634920634920635,0.575396825396825,0.215873015873016,0.612698412698413,0.601587301587302,0.472222222222222,0.65952380952381,0.620634920634921,0.0984126984126984,0,0.111111111111111,0.206349206349206,3.11349206349206
"63",7,2019-09-28,"Chelsea","Brighton and Hove Albion","H",2.4,1.8,0.4,0.4,1.6,0.6,64.7908333333333,0.116666666666667,0.0791666666666667,1.1225,0.354166666666667,0.661666666666667,0.8175,1.17333333333333,0.7725,0.9,0.118333333333333,0,0.108333333333333,0.1,2.41666666666667,0,0,0,0,0,0,0,0,0,0,0,0,0,0,0
"64",7,2019-09-28,"Bournemouth","West Ham United","D",2,1.8,1.6,1.6,1.8,2.2,69.5333333333333,0.112037037037037,0.0740740740740741,0.631481481481482,0.25,0.568518518518519,0.802777777777778,1.05,0.705555555555556,1.0712962962963,0.126851851851852,0,0.0925925925925926,0.203703703703704,3.68611111111111,65.0941666666667,0.1125,0.0425,0.79,0.3825,0.685833333333333,0.7825,1.04166666666667,0.800833333333333,0.610833333333333,0.146666666666667,0.0125,0.0583333333333333,0.166666666666667,4.05083333333333
"65",7,2019-09-28,"Aston Villa","Burnley","D",1,1.2,1,1,0.8,1,64.3157407407407,0.0592592592592593,0.0592592592592593,0.748148148148148,0.321296296296296,0.791666666666667,0.880555555555556,1.16481481481481,0.673148148148148,0.875,0.118518518518519,0.0111111111111111,0.0833333333333333,0.12962962962963,3.98148148148148,66.1770833333333,0.104166666666667,0.114583333333333,0.770833333333333,0.260416666666667,0.59375,0.729166666666667,1.40625,0.677083333333333,0.75,0.0520833333333333,0,0.0729166666666667,0.239583333333333,5.07291666666667
"66",7,2019-09-28,"Wolverhampton Wanderer","Watford","H",1.4,2.2,0.8,0.8,0.6,0.4,0,0,0,0,0,0,0,0,0,0,0,0,0,0,0,62.9878787878788,0.0333333333333333,0.0151515151515152,0.898484848484848,0.245454545454545,0.729545454545454,0.496212121212121,0.946969696969697,0.604545454545454,0.734090909090909,0.103787878787879,0,0.136363636363636,0.136363636363636,2.29015151515152
"67",7,2019-09-28,"Tottenham Hotspur","Southampton","H",1.8,1.4,1.2,1.2,1,1.4,62.4742424242424,0.0962121212121212,0.0848484848484849,0.854545454545455,0.256818181818182,0.771969696969697,0.749242424242424,1.25151515151515,0.518939393939394,0.425757575757576,0.15530303030303,0,0.145454545454545,0.454545454545455,6.85181818181818,66.22,0.0708333333333333,0.045,0.826666666666667,0.266666666666667,0.749166666666667,0.464166666666667,1.10416666666667,0.736666666666667,0.5725,0.118333333333333,0.0166666666666667,0.075,0.158333333333333,3.16
"68",7,2019-09-28,"Everton","Manchester City","A",1,1.8,3.8,3.8,1.2,2,64.0719298245614,0.05,0.043859649122807,0.804385964912281,0.196491228070175,0.886842105263158,0.752631578947368,1.32631578947368,0.808771929824561,0.576315789473684,0.164035087719298,0.0131578947368421,0.0789473684210526,0.0964912280701754,3.01140350877193,63.1055555555556,0.214285714285714,0.16031746031746,1.19920634920635,0.448412698412698,0.636507936507936,0.430952380952381,1.46190476190476,0.657936507936508,0.627777777777778,0.130952380952381,0,0.0476190476190476,0.111111111111111,3.06111111111111
"69",7,2019-09-29,"Leicester City","Newcastle United","H",1.6,1,0.8,0.8,2,1,63.5722222222222,0.0777777777777778,0.0694444444444444,0.805555555555556,0.212037037037037,0.713888888888889,0.709259259259259,1.25185185185185,0.873148148148148,0.710185185185185,0.0601851851851852,0,0.0462962962962963,0.148148148148148,4.18240740740741,65.0131578947368,0.043859649122807,0.0482456140350877,0.640350877192982,0.210526315789474,0.565789473684211,0.600877192982456,1.31140350877193,0.706140350877193,0.719298245614035,0.109649122807018,0,0.0701754385964912,0.157894736842105,3.94736842105263
"70",7,2019-09-30,"Manchester United","Arsenal","D",0.8,1.2,2,2,1,1.6,60.8241666666667,0.0833333333333333,0.0683333333333333,0.848333333333333,0.263333333333333,0.661666666666667,0.836666666666667,1.09833333333333,0.6075,0.461666666666667,0.118333333333333,0,0.05,0.141666666666667,3.33333333333333,65.3208333333333,0.126666666666667,0.0625,0.955833333333333,0.35,0.67,0.741666666666667,0.999166666666667,0.505,0.4825,0.195833333333333,0.00833333333333333,0.0833333333333333,0.241666666666667,3.755
"71",8,2019-10-05,"Brighton and Hove Albion","Tottenham Hotspur","H",0.2,1.8,1.8,1.8,0.4,1.4,0,0,0,0,0,0,0,0,0,0,0,0,0,0,0,58.7828157349896,0.093167701863354,0.0803312629399586,0.80952380952381,0.276708074534162,0.659730848861284,0.723188405797101,1.06625258799172,0.514285714285714,0.424327122153209,0.140786749482402,0.0144927536231884,0.13768115942029,0.434782608695652,6.58260869565217
"72",8,2019-10-05,"Norwich City","Aston Villa","A",1,2.2,1.2,1.2,0.6,1,59.3658385093168,0.056935817805383,0.0496894409937888,0.53416149068323,0.18944099378882,0.549068322981366,0.582194616977226,0.459627329192547,0.580538302277433,0.60175983436853,0.0820910973084886,0,0.188405797101449,0.231884057971014,5.01666666666667,63.9986215538847,0.0656641604010025,0.068671679197995,0.746365914786967,0.279699248120301,0.740977443609023,0.889473684210526,1.35350877192982,0.648245614035088,0.946115288220551,0.104260651629073,0.0087719298245614,0.0827067669172932,0.112781954887218,3.48345864661654
"73",8,2019-10-05,"Liverpool","Leicester City","H",2.4,0.6,2.4,2.4,3,2.4,61.5907407407407,0.131481481481481,0.104497354497354,0.955291005291005,0.335714285714286,0.548677248677249,0.429365079365079,1.41746031746032,0.595767195767196,0.584920634920635,0.0489417989417989,0,0.0396825396825397,0.206349206349206,9.19365079365079,63.7982804232804,0.100529100529101,0.0924603174603175,0.817857142857143,0.225396825396825,0.750132275132275,0.714153439153439,1.40079365079365,0.866534391534391,0.741269841269841,0.0560846560846561,0,0.0396825396825397,0.126984126984127,3.58492063492063
"74",8,2019-10-05,"Watford","Sheffield United","D",0.8,3.2,1,1,0.4,0.8,64.8517316017316,0.0292207792207792,0.0140692640692641,0.918831168831169,0.262987012987013,0.697510822510823,0.478787878787879,0.987012987012987,0.637229437229437,0.707575757575758,0.0967532467532467,0,0.12987012987013,0.123376623376623,2.17922077922078,58.568045112782,0.0532581453634085,0.0225563909774436,0.705889724310777,0.169047619047619,0.779323308270677,0.455263157894737,1.24210526315789,0.632330827067669,0.816791979949875,0.0943609022556391,0.0175438596491228,0.0526315789473684,0.157894736842105,3.66466165413534
"75",8,2019-10-05,"Burnley","Everton","H",1.2,1.4,1,1,1.2,0.6,67.1376488095238,0.107886904761905,0.125,0.767113095238095,0.248511904761905,0.66889880952381,0.719494047619048,1.36458333333333,0.648809523809524,0.74702380952381,0.0833333333333333,0,0.0803571428571429,0.214285714285714,4.64553571428571,64.272305764411,0.0518796992481203,0.0451127819548872,0.78609022556391,0.228822055137845,0.787844611528822,0.711027568922306,1.28646616541353,0.794360902255639,0.599874686716792,0.158646616541353,0.0105263157894737,0.0902255639097744,0.12781954887218,3.08270676691729
"76",8,2019-10-05,"West Ham United","Crystal Palace","A",1.8,0.6,1.2,1.2,2.2,2,63.8775510204082,0.112698412698413,0.0515873015873016,0.807256235827664,0.373242630385488,0.62687074829932,0.711678004535147,1.05804988662132,0.7718820861678,0.610204081632653,0.13469387755102,0.0119047619047619,0.102040816326531,0.27891156462585,6.87823129251701,65.9796992481203,0.0413533834586466,0.0162907268170426,0.719298245614035,0.239097744360902,0.839598997493734,0.754887218045113,0.859147869674185,0.767167919799499,0.84812030075188,0.153132832080201,0,0.0526315789473684,0.120300751879699,4.07293233082707
"77",8,2019-10-06,"Manchester City","Wolverhampton Wanderer","A",4,1,1.6,1.6,2.4,1,63.2216553287982,0.206349206349206,0.142290249433107,1.16666666666667,0.446145124716553,0.609977324263039,0.40702947845805,1.40249433106576,0.638888888888889,0.629818594104308,0.134353741496599,0,0.0476190476190476,0.136054421768707,3.20680272108844,0,0,0,0,0,0,0,0,0,0,0,0,0,0,0
"78",8,2019-10-06,"Southampton","Chelsea","A",1.2,1.2,2.6,2.6,1.4,2,66.7389285714286,0.0719047619047619,0.0404761904761905,0.846547619047619,0.282857142857143,0.748809523809524,0.454285714285714,1.22452380952381,0.757857142857143,0.592142857142857,0.130357142857143,0.0166666666666667,0.0785714285714286,0.15,3.06571428571429,63.2402494331066,0.110544217687075,0.110544217687075,1.1421768707483,0.391269841269841,0.600453514739229,0.756235827664399,1.04501133786848,0.795804988662132,0.85453514739229,0.116213151927438,0,0.0884353741496599,0.0884353741496599,2.6530612244898
"79",8,2019-10-06,"Arsenal","Bournemouth","H",1.8,2,2,2,1.2,1.4,66.1667857142857,0.11547619047619,0.0802380952380952,0.929047619047619,0.361309523809524,0.723571428571429,0.836666666666667,1.06702380952381,0.541190476190476,0.49,0.196309523809524,0.00833333333333333,0.0785714285714286,0.228571428571429,3.75428571428571,63.197619047619,0.10297619047619,0.0690476190476191,0.588095238095238,0.233333333333333,0.509523809523809,0.707738095238095,1.05654761904762,0.591071428571429,1.00059523809524,0.122619047619048,0,0.0857142857142857,0.185714285714286,3.32
"80",8,2019-10-06,"Newcastle United","Manchester United","H",0.6,1.8,0.8,0.8,1,1,63.1864285714286,0.0392857142857143,0.0371428571428571,0.567261904761905,0.181785714285714,0.593095238095238,0.6,1.25178571428571,0.747261904761905,0.748809523809524,0.0991666666666667,0.00714285714285714,0.0928571428571429,0.135714285714286,3.33357142857143,63.5019047619048,0.0833333333333333,0.0664285714285714,0.889285714285714,0.264047619047619,0.763333333333333,0.849047619047619,1.14952380952381,0.620238095238095,0.551190476190476,0.13952380952381,0,0.05,0.15,3.42857142857143
